Student_ID,Name,Department,Python_Marks,Mathematics_Marks,English_Marks,Attendance
S001,Aarav,CSE,85,78,88,92
S002,Ananya,CSE,92,89,95,96
S003,Rahul,CSE,67,72,70,85
S004,Priya,CSE,76,81,79,90
S005,Vikram,CSE,45,52,48,72
S006,Neha,CSE,88,91,84,94
S007,Arjun,CSE,59,64,61,78
S008,Sneha,CSE,95,93,97,98
S009,Rohit,CSE,38,45,42,68
S010,Kavya,CSE,72,69,75,87
S011,Aditya,CSE,82,77,80,91
S012,Pooja,CSE,63,58,66,80
S013,Kiran,CSE,90,86,89,95
S014,Meena,CSE,55,61,57,76
S015,Varun,CSE,41,39,44,70
S016,Ishita,CSE,79,83,78,89
S017,Manoj,CSE,68,74,71,84
S018,Divya,CSE,87,90,85,93
S019,Sanjay,CSE,52,48,55,74
S020,Riya,CSE,94,88,92,97